<annotation>
	<folder>images</folder>
	<filename>Break (49).png</filename>
	<path>C:\Users\Sanchi jaiswal\Desktop\windows_v1.8.0\images\Break (49).png</path>
	<source>
		<database>Unknown</database>
	</source>
	<size>
		<width>1024</width>
		<height>447</height>
		<depth>3</depth>
	</size>
	<segmented>0</segmented>
	<object>
		<name>arrow</name>
		<pose>Unspecified</pose>
		<truncated>0</truncated>
		<difficult>0</difficult>
		<bndbox>
			<xmin>363</xmin>
			<ymin>100</ymin>
			<xmax>476</xmax>
			<ymax>203</ymax>
		</bndbox>
	</object>
	<object>
		<name>arrow</name>
		<pose>Unspecified</pose>
		<truncated>0</truncated>
		<difficult>0</difficult>
		<bndbox>
			<xmin>584</xmin>
			<ymin>103</ymin>
			<xmax>747</xmax>
			<ymax>218</ymax>
		</bndbox>
	</object>
	<object>
		<name>arrow</name>
		<pose>Unspecified</pose>
		<truncated>0</truncated>
		<difficult>0</difficult>
		<bndbox>
			<xmin>852</xmin>
			<ymin>219</ymin>
			<xmax>932</xmax>
			<ymax>232</ymax>
		</bndbox>
	</object>
	<object>
		<name>arrow</name>
		<pose>Unspecified</pose>
		<truncated>0</truncated>
		<difficult>0</difficult>
		<bndbox>
			<xmin>392</xmin>
			<ymin>217</ymin>
			<xmax>536</xmax>
			<ymax>266</ymax>
		</bndbox>
	</object>
	<object>
		<name>arrow</name>
		<pose>Unspecified</pose>
		<truncated>0</truncated>
		<difficult>0</difficult>
		<bndbox>
			<xmin>363</xmin>
			<ymin>249</ymin>
			<xmax>539</xmax>
			<ymax>379</ymax>
		</bndbox>
	</object>
	<object>
		<name>arrow</name>
		<pose>Unspecified</pose>
		<truncated>0</truncated>
		<difficult>0</difficult>
		<bndbox>
			<xmin>246</xmin>
			<ymin>220</ymin>
			<xmax>341</xmax>
			<ymax>229</ymax>
		</bndbox>
	</object>
	<object>
		<name>arrow</name>
		<pose>Unspecified</pose>
		<truncated>0</truncated>
		<difficult>0</difficult>
		<bndbox>
			<xmin>59</xmin>
			<ymin>219</ymin>
			<xmax>140</xmax>
			<ymax>231</ymax>
		</bndbox>
	</object>
	<object>
		<name>connection</name>
		<pose>Unspecified</pose>
		<truncated>0</truncated>
		<difficult>0</difficult>
		<bndbox>
			<xmin>15</xmin>
			<ymin>202</ymin>
			<xmax>64</xmax>
			<ymax>247</ymax>
		</bndbox>
	</object>
	<object>
		<name>connection</name>
		<pose>Unspecified</pose>
		<truncated>0</truncated>
		<difficult>0</difficult>
		<bndbox>
			<xmin>930</xmin>
			<ymin>198</ymin>
			<xmax>981</xmax>
			<ymax>249</ymax>
		</bndbox>
	</object>
	<object>
		<name>process</name>
		<pose>Unspecified</pose>
		<truncated>0</truncated>
		<difficult>0</difficult>
		<bndbox>
			<xmin>743</xmin>
			<ymin>180</ymin>
			<xmax>860</xmax>
			<ymax>270</ymax>
		</bndbox>
	</object>
	<object>
		<name>process</name>
		<pose>Unspecified</pose>
		<truncated>0</truncated>
		<difficult>0</difficult>
		<bndbox>
			<xmin>472</xmin>
			<ymin>64</ymin>
			<xmax>589</xmax>
			<ymax>153</ymax>
		</bndbox>
	</object>
	<object>
		<name>process</name>
		<pose>Unspecified</pose>
		<truncated>0</truncated>
		<difficult>0</difficult>
		<bndbox>
			<xmin>472</xmin>
			<ymin>261</ymin>
			<xmax>588</xmax>
			<ymax>350</ymax>
		</bndbox>
	</object>
	<object>
		<name>process</name>
		<pose>Unspecified</pose>
		<truncated>0</truncated>
		<difficult>0</difficult>
		<bndbox>
			<xmin>136</xmin>
			<ymin>182</ymin>
			<xmax>253</xmax>
			<ymax>268</ymax>
		</bndbox>
	</object>
	<object>
		<name>decision</name>
		<pose>Unspecified</pose>
		<truncated>0</truncated>
		<difficult>0</difficult>
		<bndbox>
			<xmin>336</xmin>
			<ymin>198</ymin>
			<xmax>396</xmax>
			<ymax>252</ymax>
		</bndbox>
	</object>
	<object>
		<name>text</name>
		<pose>Unspecified</pose>
		<truncated>0</truncated>
		<difficult>0</difficult>
		<bndbox>
			<xmin>305</xmin>
			<ymin>134</ymin>
			<xmax>430</xmax>
			<ymax>152</ymax>
		</bndbox>
	</object>
	<object>
		<name>text</name>
		<pose>Unspecified</pose>
		<truncated>0</truncated>
		<difficult>0</difficult>
		<bndbox>
			<xmin>482</xmin>
			<ymin>84</ymin>
			<xmax>581</xmax>
			<ymax>129</ymax>
		</bndbox>
	</object>
	<object>
		<name>text</name>
		<pose>Unspecified</pose>
		<truncated>0</truncated>
		<difficult>0</difficult>
		<bndbox>
			<xmin>752</xmin>
			<ymin>207</ymin>
			<xmax>842</xmax>
			<ymax>243</ymax>
		</bndbox>
	</object>
	<object>
		<name>text</name>
		<pose>Unspecified</pose>
		<truncated>0</truncated>
		<difficult>0</difficult>
		<bndbox>
			<xmin>497</xmin>
			<ymin>298</ymin>
			<xmax>562</xmax>
			<ymax>321</ymax>
		</bndbox>
	</object>
	<object>
		<name>text</name>
		<pose>Unspecified</pose>
		<truncated>0</truncated>
		<difficult>0</difficult>
		<bndbox>
			<xmin>299</xmin>
			<ymin>355</ymin>
			<xmax>435</xmax>
			<ymax>371</ymax>
		</bndbox>
	</object>
	<object>
		<name>text</name>
		<pose>Unspecified</pose>
		<truncated>0</truncated>
		<difficult>0</difficult>
		<bndbox>
			<xmin>138</xmin>
			<ymin>209</ymin>
			<xmax>244</xmax>
			<ymax>240</ymax>
		</bndbox>
	</object>
</annotation>
