<annotation>
	<folder>images</folder>
	<filename>Break (34).png</filename>
	<path>C:\Users\Sanchi jaiswal\Desktop\windows_v1.8.0\images\Break (34).png</path>
	<source>
		<database>Unknown</database>
	</source>
	<size>
		<width>468</width>
		<height>603</height>
		<depth>3</depth>
	</size>
	<segmented>0</segmented>
	<object>
		<name>arrow</name>
		<pose>Unspecified</pose>
		<truncated>0</truncated>
		<difficult>0</difficult>
		<bndbox>
			<xmin>124</xmin>
			<ymin>91</ymin>
			<xmax>139</xmax>
			<ymax>165</ymax>
		</bndbox>
	</object>
	<object>
		<name>arrow</name>
		<pose>Unspecified</pose>
		<truncated>0</truncated>
		<difficult>0</difficult>
		<bndbox>
			<xmin>233</xmin>
			<ymin>210</ymin>
			<xmax>310</xmax>
			<ymax>222</ymax>
		</bndbox>
	</object>
	<object>
		<name>arrow</name>
		<pose>Unspecified</pose>
		<truncated>0</truncated>
		<difficult>0</difficult>
		<bndbox>
			<xmin>232</xmin>
			<ymin>383</ymin>
			<xmax>307</xmax>
			<ymax>398</ymax>
		</bndbox>
	</object>
	<object>
		<name>arrow</name>
		<pose>Unspecified</pose>
		<truncated>0</truncated>
		<difficult>0</difficult>
		<bndbox>
			<xmin>125</xmin>
			<ymin>440</ymin>
			<xmax>137</xmax>
			<ymax>514</ymax>
		</bndbox>
	</object>
	<object>
		<name>arrow</name>
		<pose>Unspecified</pose>
		<truncated>0</truncated>
		<difficult>0</difficult>
		<bndbox>
			<xmin>123</xmin>
			<ymin>265</ymin>
			<xmax>141</xmax>
			<ymax>340</ymax>
		</bndbox>
	</object>
	<object>
		<name>text</name>
		<pose>Unspecified</pose>
		<truncated>0</truncated>
		<difficult>0</difficult>
		<bndbox>
			<xmin>117</xmin>
			<ymin>47</ymin>
			<xmax>148</xmax>
			<ymax>63</ymax>
		</bndbox>
	</object>
	<object>
		<name>text</name>
		<pose>Unspecified</pose>
		<truncated>0</truncated>
		<difficult>0</difficult>
		<bndbox>
			<xmin>262</xmin>
			<ymin>208</ymin>
			<xmax>278</xmax>
			<ymax>223</ymax>
		</bndbox>
	</object>
	<object>
		<name>text</name>
		<pose>Unspecified</pose>
		<truncated>0</truncated>
		<difficult>0</difficult>
		<bndbox>
			<xmin>261</xmin>
			<ymin>384</ymin>
			<xmax>280</xmax>
			<ymax>399</ymax>
		</bndbox>
	</object>
	<object>
		<name>text</name>
		<pose>Unspecified</pose>
		<truncated>0</truncated>
		<difficult>0</difficult>
		<bndbox>
			<xmin>120</xmin>
			<ymin>300</ymin>
			<xmax>143</xmax>
			<ymax>313</ymax>
		</bndbox>
	</object>
	<object>
		<name>text</name>
		<pose>Unspecified</pose>
		<truncated>0</truncated>
		<difficult>0</difficult>
		<bndbox>
			<xmin>119</xmin>
			<ymin>471</ymin>
			<xmax>146</xmax>
			<ymax>489</ymax>
		</bndbox>
	</object>
	<object>
		<name>text</name>
		<pose>Unspecified</pose>
		<truncated>0</truncated>
		<difficult>0</difficult>
		<bndbox>
			<xmin>101</xmin>
			<ymin>543</ymin>
			<xmax>161</xmax>
			<ymax>561</ymax>
		</bndbox>
	</object>
	<object>
		<name>text</name>
		<pose>Unspecified</pose>
		<truncated>0</truncated>
		<difficult>0</difficult>
		<bndbox>
			<xmin>308</xmin>
			<ymin>367</ymin>
			<xmax>449</xmax>
			<ymax>414</ymax>
		</bndbox>
	</object>
	<object>
		<name>text</name>
		<pose>Unspecified</pose>
		<truncated>0</truncated>
		<difficult>0</difficult>
		<bndbox>
			<xmin>314</xmin>
			<ymin>199</ymin>
			<xmax>442</xmax>
			<ymax>232</ymax>
		</bndbox>
	</object>
	<object>
		<name>text</name>
		<pose>Unspecified</pose>
		<truncated>0</truncated>
		<difficult>0</difficult>
		<bndbox>
			<xmin>82</xmin>
			<ymin>196</ymin>
			<xmax>192</xmax>
			<ymax>233</ymax>
		</bndbox>
	</object>
	<object>
		<name>text</name>
		<pose>Unspecified</pose>
		<truncated>0</truncated>
		<difficult>0</difficult>
		<bndbox>
			<xmin>96</xmin>
			<ymin>372</ymin>
			<xmax>162</xmax>
			<ymax>408</ymax>
		</bndbox>
	</object>
	<object>
		<name>terminator</name>
		<pose>Unspecified</pose>
		<truncated>0</truncated>
		<difficult>0</difficult>
		<bndbox>
			<xmin>56</xmin>
			<ymin>17</ymin>
			<xmax>207</xmax>
			<ymax>96</ymax>
		</bndbox>
	</object>
	<object>
		<name>process</name>
		<pose>Unspecified</pose>
		<truncated>0</truncated>
		<difficult>0</difficult>
		<bndbox>
			<xmin>305</xmin>
			<ymin>177</ymin>
			<xmax>454</xmax>
			<ymax>255</ymax>
		</bndbox>
	</object>
	<object>
		<name>process</name>
		<pose>Unspecified</pose>
		<truncated>0</truncated>
		<difficult>0</difficult>
		<bndbox>
			<xmin>302</xmin>
			<ymin>352</ymin>
			<xmax>454</xmax>
			<ymax>428</ymax>
		</bndbox>
	</object>
	<object>
		<name>process</name>
		<pose>Unspecified</pose>
		<truncated>0</truncated>
		<difficult>0</difficult>
		<bndbox>
			<xmin>56</xmin>
			<ymin>511</ymin>
			<xmax>208</xmax>
			<ymax>593</ymax>
		</bndbox>
	</object>
	<object>
		<name>decision</name>
		<pose>Unspecified</pose>
		<truncated>0</truncated>
		<difficult>0</difficult>
		<bndbox>
			<xmin>26</xmin>
			<ymin>163</ymin>
			<xmax>240</xmax>
			<ymax>270</ymax>
		</bndbox>
	</object>
	<object>
		<name>decision</name>
		<pose>Unspecified</pose>
		<truncated>0</truncated>
		<difficult>0</difficult>
		<bndbox>
			<xmin>23</xmin>
			<ymin>338</ymin>
			<xmax>240</xmax>
			<ymax>446</ymax>
		</bndbox>
	</object>
</annotation>
