<annotation>
	<folder>images</folder>
	<filename>Normal (1).png</filename>
	<path>C:\Users\user\Desktop\windows_v1.8.0\images\Normal (1).png</path>
	<source>
		<database>Unknown</database>
	</source>
	<size>
		<width>614</width>
		<height>725</height>
		<depth>3</depth>
	</size>
	<segmented>0</segmented>
	<object>
		<name>process</name>
		<pose>Unspecified</pose>
		<truncated>0</truncated>
		<difficult>0</difficult>
		<bndbox>
			<xmin>80</xmin>
			<ymin>12</ymin>
			<xmax>264</xmax>
			<ymax>75</ymax>
		</bndbox>
	</object>
	<object>
		<name>process</name>
		<pose>Unspecified</pose>
		<truncated>0</truncated>
		<difficult>0</difficult>
		<bndbox>
			<xmin>80</xmin>
			<ymin>90</ymin>
			<xmax>264</xmax>
			<ymax>152</ymax>
		</bndbox>
	</object>
	<object>
		<name>process</name>
		<pose>Unspecified</pose>
		<truncated>0</truncated>
		<difficult>0</difficult>
		<bndbox>
			<xmin>79</xmin>
			<ymin>168</ymin>
			<xmax>265</xmax>
			<ymax>231</ymax>
		</bndbox>
	</object>
	<object>
		<name>process</name>
		<pose>Unspecified</pose>
		<truncated>0</truncated>
		<difficult>0</difficult>
		<bndbox>
			<xmin>80</xmin>
			<ymin>246</ymin>
			<xmax>263</xmax>
			<ymax>308</ymax>
		</bndbox>
	</object>
	<object>
		<name>process</name>
		<pose>Unspecified</pose>
		<truncated>0</truncated>
		<difficult>0</difficult>
		<bndbox>
			<xmin>342</xmin>
			<ymin>91</ymin>
			<xmax>524</xmax>
			<ymax>149</ymax>
		</bndbox>
	</object>
	<object>
		<name>process</name>
		<pose>Unspecified</pose>
		<truncated>0</truncated>
		<difficult>0</difficult>
		<bndbox>
			<xmin>341</xmin>
			<ymin>156</ymin>
			<xmax>527</xmax>
			<ymax>239</ymax>
		</bndbox>
	</object>
	<object>
		<name>process</name>
		<pose>Unspecified</pose>
		<truncated>0</truncated>
		<difficult>0</difficult>
		<bndbox>
			<xmin>78</xmin>
			<ymin>318</ymin>
			<xmax>263</xmax>
			<ymax>391</ymax>
		</bndbox>
	</object>
	<object>
		<name>process</name>
		<pose>Unspecified</pose>
		<truncated>0</truncated>
		<difficult>0</difficult>
		<bndbox>
			<xmin>79</xmin>
			<ymin>405</ymin>
			<xmax>262</xmax>
			<ymax>468</ymax>
		</bndbox>
	</object>
	<object>
		<name>process</name>
		<pose>Unspecified</pose>
		<truncated>0</truncated>
		<difficult>0</difficult>
		<bndbox>
			<xmin>79</xmin>
			<ymin>483</ymin>
			<xmax>264</xmax>
			<ymax>544</ymax>
		</bndbox>
	</object>
	<object>
		<name>process</name>
		<pose>Unspecified</pose>
		<truncated>0</truncated>
		<difficult>0</difficult>
		<bndbox>
			<xmin>80</xmin>
			<ymin>561</ymin>
			<xmax>264</xmax>
			<ymax>621</ymax>
		</bndbox>
	</object>
	<object>
		<name>process</name>
		<pose>Unspecified</pose>
		<truncated>0</truncated>
		<difficult>0</difficult>
		<bndbox>
			<xmin>340</xmin>
			<ymin>561</ymin>
			<xmax>524</xmax>
			<ymax>621</ymax>
		</bndbox>
	</object>
	<object>
		<name>process</name>
		<pose>Unspecified</pose>
		<truncated>0</truncated>
		<difficult>0</difficult>
		<bndbox>
			<xmin>342</xmin>
			<ymin>640</ymin>
			<xmax>524</xmax>
			<ymax>702</ymax>
		</bndbox>
	</object>
	<object>
		<name>text</name>
		<pose>Unspecified</pose>
		<truncated>0</truncated>
		<difficult>0</difficult>
		<bndbox>
			<xmin>126</xmin>
			<ymin>30</ymin>
			<xmax>216</xmax>
			<ymax>53</ymax>
		</bndbox>
	</object>
	<object>
		<name>text</name>
		<pose>Unspecified</pose>
		<truncated>0</truncated>
		<difficult>0</difficult>
		<bndbox>
			<xmin>365</xmin>
			<ymin>110</ymin>
			<xmax>500</xmax>
			<ymax>131</ymax>
		</bndbox>
	</object>
	<object>
		<name>text</name>
		<pose>Unspecified</pose>
		<truncated>0</truncated>
		<difficult>0</difficult>
		<bndbox>
			<xmin>351</xmin>
			<ymin>171</ymin>
			<xmax>516</xmax>
			<ymax>221</ymax>
		</bndbox>
	</object>
	<object>
		<name>text</name>
		<pose>Unspecified</pose>
		<truncated>0</truncated>
		<difficult>0</difficult>
		<bndbox>
			<xmin>124</xmin>
			<ymin>109</ymin>
			<xmax>239</xmax>
			<ymax>134</ymax>
		</bndbox>
	</object>
	<object>
		<name>text</name>
		<pose>Unspecified</pose>
		<truncated>0</truncated>
		<difficult>0</difficult>
		<bndbox>
			<xmin>95</xmin>
			<ymin>182</ymin>
			<xmax>251</xmax>
			<ymax>216</ymax>
		</bndbox>
	</object>
	<object>
		<name>text</name>
		<pose>Unspecified</pose>
		<truncated>0</truncated>
		<difficult>0</difficult>
		<bndbox>
			<xmin>91</xmin>
			<ymin>269</ymin>
			<xmax>251</xmax>
			<ymax>290</ymax>
		</bndbox>
	</object>
	<object>
		<name>text</name>
		<pose>Unspecified</pose>
		<truncated>0</truncated>
		<difficult>0</difficult>
		<bndbox>
			<xmin>112</xmin>
			<ymin>338</ymin>
			<xmax>238</xmax>
			<ymax>361</ymax>
		</bndbox>
	</object>
	<object>
		<name>text</name>
		<pose>Unspecified</pose>
		<truncated>0</truncated>
		<difficult>0</difficult>
		<bndbox>
			<xmin>109</xmin>
			<ymin>427</ymin>
			<xmax>228</xmax>
			<ymax>444</ymax>
		</bndbox>
	</object>
	<object>
		<name>text</name>
		<pose>Unspecified</pose>
		<truncated>0</truncated>
		<difficult>0</difficult>
		<bndbox>
			<xmin>97</xmin>
			<ymin>506</ymin>
			<xmax>248</xmax>
			<ymax>524</ymax>
		</bndbox>
	</object>
	<object>
		<name>text</name>
		<pose>Unspecified</pose>
		<truncated>0</truncated>
		<difficult>0</difficult>
		<bndbox>
			<xmin>106</xmin>
			<ymin>583</ymin>
			<xmax>239</xmax>
			<ymax>603</ymax>
		</bndbox>
	</object>
	<object>
		<name>text</name>
		<pose>Unspecified</pose>
		<truncated>0</truncated>
		<difficult>0</difficult>
		<bndbox>
			<xmin>364</xmin>
			<ymin>580</ymin>
			<xmax>499</xmax>
			<ymax>600</ymax>
		</bndbox>
	</object>
	<object>
		<name>text</name>
		<pose>Unspecified</pose>
		<truncated>0</truncated>
		<difficult>0</difficult>
		<bndbox>
			<xmin>393</xmin>
			<ymin>658</ymin>
			<xmax>487</xmax>
			<ymax>679</ymax>
		</bndbox>
	</object>
	<object>
		<name>arrow</name>
		<pose>Unspecified</pose>
		<truncated>0</truncated>
		<difficult>0</difficult>
		<bndbox>
			<xmin>164</xmin>
			<ymin>65</ymin>
			<xmax>179</xmax>
			<ymax>94</ymax>
		</bndbox>
	</object>
	<object>
		<name>arrow</name>
		<pose>Unspecified</pose>
		<truncated>0</truncated>
		<difficult>0</difficult>
		<bndbox>
			<xmin>164</xmin>
			<ymin>143</ymin>
			<xmax>177</xmax>
			<ymax>172</ymax>
		</bndbox>
	</object>
	<object>
		<name>arrow</name>
		<pose>Unspecified</pose>
		<truncated>0</truncated>
		<difficult>0</difficult>
		<bndbox>
			<xmin>257</xmin>
			<ymin>111</ymin>
			<xmax>346</xmax>
			<ymax>130</ymax>
		</bndbox>
	</object>
	<object>
		<name>arrow</name>
		<pose>Unspecified</pose>
		<truncated>0</truncated>
		<difficult>0</difficult>
		<bndbox>
			<xmin>261</xmin>
			<ymin>189</ymin>
			<xmax>348</xmax>
			<ymax>207</ymax>
		</bndbox>
	</object>
	<object>
		<name>arrow</name>
		<pose>Unspecified</pose>
		<truncated>0</truncated>
		<difficult>0</difficult>
		<bndbox>
			<xmin>426</xmin>
			<ymin>612</ymin>
			<xmax>440</xmax>
			<ymax>643</ymax>
		</bndbox>
	</object>
	<object>
		<name>arrow</name>
		<pose>Unspecified</pose>
		<truncated>0</truncated>
		<difficult>0</difficult>
		<bndbox>
			<xmin>258</xmin>
			<ymin>584</ymin>
			<xmax>348</xmax>
			<ymax>600</ymax>
		</bndbox>
	</object>
	<object>
		<name>arrow</name>
		<pose>Unspecified</pose>
		<truncated>0</truncated>
		<difficult>0</difficult>
		<bndbox>
			<xmin>230</xmin>
			<ymin>620</ymin>
			<xmax>349</xmax>
			<ymax>677</ymax>
		</bndbox>
	</object>
	<object>
		<name>arrow</name>
		<pose>Unspecified</pose>
		<truncated>0</truncated>
		<difficult>0</difficult>
		<bndbox>
			<xmin>163</xmin>
			<ymin>224</ymin>
			<xmax>179</xmax>
			<ymax>249</ymax>
		</bndbox>
	</object>
	<object>
		<name>arrow</name>
		<pose>Unspecified</pose>
		<truncated>0</truncated>
		<difficult>0</difficult>
		<bndbox>
			<xmin>163</xmin>
			<ymin>305</ymin>
			<xmax>177</xmax>
			<ymax>323</ymax>
		</bndbox>
	</object>
	<object>
		<name>arrow</name>
		<pose>Unspecified</pose>
		<truncated>0</truncated>
		<difficult>0</difficult>
		<bndbox>
			<xmin>162</xmin>
			<ymin>382</ymin>
			<xmax>177</xmax>
			<ymax>407</ymax>
		</bndbox>
	</object>
	<object>
		<name>arrow</name>
		<pose>Unspecified</pose>
		<truncated>0</truncated>
		<difficult>0</difficult>
		<bndbox>
			<xmin>163</xmin>
			<ymin>462</ymin>
			<xmax>178</xmax>
			<ymax>489</ymax>
		</bndbox>
	</object>
	<object>
		<name>arrow</name>
		<pose>Unspecified</pose>
		<truncated>0</truncated>
		<difficult>0</difficult>
		<bndbox>
			<xmin>162</xmin>
			<ymin>540</ymin>
			<xmax>182</xmax>
			<ymax>563</ymax>
		</bndbox>
	</object>
	<object>
		<name>arrow</name>
		<pose>Unspecified</pose>
		<truncated>0</truncated>
		<difficult>0</difficult>
		<bndbox>
			<xmin>58</xmin>
			<ymin>269</ymin>
			<xmax>87</xmax>
			<ymax>440</ymax>
		</bndbox>
	</object>
</annotation>
