<annotation>
	<folder>images</folder>
	<filename>Normal (120).png</filename>
	<path>C:\Users\Sanchi jaiswal\Desktop\windows_v1.8.0\images\Normal (120).png</path>
	<source>
		<database>Unknown</database>
	</source>
	<size>
		<width>146</width>
		<height>252</height>
		<depth>3</depth>
	</size>
	<segmented>0</segmented>
	<object>
		<name>process</name>
		<pose>Unspecified</pose>
		<truncated>0</truncated>
		<difficult>0</difficult>
		<bndbox>
			<xmin>11</xmin>
			<ymin>34</ymin>
			<xmax>99</xmax>
			<ymax>58</ymax>
		</bndbox>
	</object>
	<object>
		<name>process</name>
		<pose>Unspecified</pose>
		<truncated>0</truncated>
		<difficult>0</difficult>
		<bndbox>
			<xmin>12</xmin>
			<ymin>112</ymin>
			<xmax>101</xmax>
			<ymax>134</ymax>
		</bndbox>
	</object>
	<object>
		<name>data</name>
		<pose>Unspecified</pose>
		<truncated>1</truncated>
		<difficult>0</difficult>
		<bndbox>
			<xmin>1</xmin>
			<ymin>68</ymin>
			<xmax>111</xmax>
			<ymax>102</ymax>
		</bndbox>
	</object>
	<object>
		<name>decision</name>
		<pose>Unspecified</pose>
		<truncated>0</truncated>
		<difficult>0</difficult>
		<bndbox>
			<xmin>4</xmin>
			<ymin>146</ymin>
			<xmax>107</xmax>
			<ymax>196</ymax>
		</bndbox>
	</object>
	<object>
		<name>terminator</name>
		<pose>Unspecified</pose>
		<truncated>1</truncated>
		<difficult>0</difficult>
		<bndbox>
			<xmin>20</xmin>
			<ymin>1</ymin>
			<xmax>90</xmax>
			<ymax>23</ymax>
		</bndbox>
	</object>
	<object>
		<name>terminator</name>
		<pose>Unspecified</pose>
		<truncated>0</truncated>
		<difficult>0</difficult>
		<bndbox>
			<xmin>20</xmin>
			<ymin>214</ymin>
			<xmax>91</xmax>
			<ymax>231</ymax>
		</bndbox>
	</object>
	<object>
		<name>text</name>
		<pose>Unspecified</pose>
		<truncated>0</truncated>
		<difficult>0</difficult>
		<bndbox>
			<xmin>38</xmin>
			<ymin>7</ymin>
			<xmax>71</xmax>
			<ymax>16</ymax>
		</bndbox>
	</object>
	<object>
		<name>text</name>
		<pose>Unspecified</pose>
		<truncated>0</truncated>
		<difficult>0</difficult>
		<bndbox>
			<xmin>34</xmin>
			<ymin>42</ymin>
			<xmax>75</xmax>
			<ymax>51</ymax>
		</bndbox>
	</object>
	<object>
		<name>text</name>
		<pose>Unspecified</pose>
		<truncated>0</truncated>
		<difficult>0</difficult>
		<bndbox>
			<xmin>27</xmin>
			<ymin>80</ymin>
			<xmax>85</xmax>
			<ymax>93</ymax>
		</bndbox>
	</object>
	<object>
		<name>text</name>
		<pose>Unspecified</pose>
		<truncated>0</truncated>
		<difficult>0</difficult>
		<bndbox>
			<xmin>22</xmin>
			<ymin>120</ymin>
			<xmax>91</xmax>
			<ymax>128</ymax>
		</bndbox>
	</object>
	<object>
		<name>text</name>
		<pose>Unspecified</pose>
		<truncated>0</truncated>
		<difficult>0</difficult>
		<bndbox>
			<xmin>34</xmin>
			<ymin>161</ymin>
			<xmax>77</xmax>
			<ymax>181</ymax>
		</bndbox>
	</object>
	<object>
		<name>text</name>
		<pose>Unspecified</pose>
		<truncated>0</truncated>
		<difficult>0</difficult>
		<bndbox>
			<xmin>126</xmin>
			<ymin>165</ymin>
			<xmax>143</xmax>
			<ymax>176</ymax>
		</bndbox>
	</object>
	<object>
		<name>text</name>
		<pose>Unspecified</pose>
		<truncated>0</truncated>
		<difficult>0</difficult>
		<bndbox>
			<xmin>30</xmin>
			<ymin>197</ymin>
			<xmax>44</xmax>
			<ymax>207</ymax>
		</bndbox>
	</object>
	<object>
		<name>text</name>
		<pose>Unspecified</pose>
		<truncated>0</truncated>
		<difficult>0</difficult>
		<bndbox>
			<xmin>44</xmin>
			<ymin>220</ymin>
			<xmax>66</xmax>
			<ymax>231</ymax>
		</bndbox>
	</object>
	<object>
		<name>arrow</name>
		<pose>Unspecified</pose>
		<truncated>0</truncated>
		<difficult>0</difficult>
		<bndbox>
			<xmin>51</xmin>
			<ymin>22</ymin>
			<xmax>60</xmax>
			<ymax>36</ymax>
		</bndbox>
	</object>
	<object>
		<name>arrow</name>
		<pose>Unspecified</pose>
		<truncated>0</truncated>
		<difficult>0</difficult>
		<bndbox>
			<xmin>52</xmin>
			<ymin>54</ymin>
			<xmax>59</xmax>
			<ymax>71</ymax>
		</bndbox>
	</object>
	<object>
		<name>arrow</name>
		<pose>Unspecified</pose>
		<truncated>0</truncated>
		<difficult>0</difficult>
		<bndbox>
			<xmin>51</xmin>
			<ymin>99</ymin>
			<xmax>59</xmax>
			<ymax>117</ymax>
		</bndbox>
	</object>
	<object>
		<name>arrow</name>
		<pose>Unspecified</pose>
		<truncated>0</truncated>
		<difficult>0</difficult>
		<bndbox>
			<xmin>51</xmin>
			<ymin>133</ymin>
			<xmax>59</xmax>
			<ymax>150</ymax>
		</bndbox>
	</object>
	<object>
		<name>arrow</name>
		<pose>Unspecified</pose>
		<truncated>0</truncated>
		<difficult>0</difficult>
		<bndbox>
			<xmin>52</xmin>
			<ymin>194</ymin>
			<xmax>59</xmax>
			<ymax>217</ymax>
		</bndbox>
	</object>
	<object>
		<name>arrow</name>
		<pose>Unspecified</pose>
		<truncated>0</truncated>
		<difficult>0</difficult>
		<bndbox>
			<xmin>96</xmin>
			<ymin>82</ymin>
			<xmax>121</xmax>
			<ymax>173</ymax>
		</bndbox>
	</object>
</annotation>
